played_sample_id,hex_id,opcode_param,name,minor_group,major_group,waveset_dependency,root_note_name,root_midi_note,root_octave,is_null,repeat_tail_score,sustain_timbre_score,long_hold_risk_score,upper_mid_energy_ratio,presence_energy_ratio,high_freq_energy_ratio,mean_centroid_hz
0,00,0,Heavy Square Wave (F-4),,Synth,,F-4,53,4,0,,,,,,,
1,01,0,Empty/Silent,,Silence,,,,,1,,,,,,,
2,02,1,Telephone (A#-3),,SFX,,A#-3,46,3,0,,,,,,,
3,03,2,Fat Saw Wave-Asp (F-4),,Synth,,F-4,53,4,0,,,,,,,
4,04,3,Heavy Square Wave (F-4),,Synth,,F-4,53,4,0,,,,,,,
5,05,4,Fat Saw Wave-Asp (F-5),,Synth,,F-5,65,5,0,,,,,,,
6,06,5,Heavy Square Wave (F-5),,Synth,,F-5,65,5,0,,,,,,,
7,07,6,Tuba (C-3),,Brass,,C-3,36,3,0,0.637,0.005,0.418,,,0.0,385.6
8,08,7,Glockenspiel (A-3),,Bell/Perc,,A-3,45,3,0,,,,,,,
9,09,8,Bright Beep (C-3),,SFX,,C-3,36,3,0,,,,,,,
10,0A,9,Seashore (C-2),,Ambient,,C-2,24,2,0,,,,,,,
11,0B,10,Seashore (C-3),,Ambient,,C-3,36,3,0,,,,,,,
12,0C,11,Seashore (C-4),,Ambient,,C-4,48,4,0,,,,,,,
13,0D,12,Drum Hit + Seashore (C-3),,Percussion,,C-3,36,3,0,,,,,,,
14,0E,13,Telephone 2 (C-5),,SFX,,C-5,60,5,0,,,,,,,
15,0F,14,Explosion (C-2),,SFX,,C-2,24,2,0,,,,,,,
16,10,15,"Cymbal (A-3, Orchestra Kit)",,Percussion,,,,,0,,,,,,,
17,11,16,Telephone 2 (C-7),,SFX,,C-7,84,7,0,,,,,,,
18,12,17,Tubular Bells (C-5),,Bell/Perc,,C-5,60,5,0,,,,,,,
19,13,18,Slap Bass 2 (C-1),,Bass,,C-1,12,1,0,0.85,0.004,0.555,,,0.0,292.3
20,14,19,Slap Bass 2 (C-2),,Bass,,C-2,24,2,0,0.999,0.003,0.651,,,0.0,32.7
21,15,20,Slap Bass 2 (C-3),,Bass,,C-3,36,3,0,0.765,0.003,0.499,,,0.0,74.2
22,16,21,Slap Bass 2 (C-4),,Bass,,C-4,48,4,0,0.483,0.004,0.317,,,0.0,131.4
23,17,22,Slap Bass 2 (C-5),,Bass,,C-5,60,5,0,0.929,0.006,0.608,,,0.0,564.5
24,18,23,Trumpet (C-3),,Brass,,C-3,36,3,0,0.43,0.005,0.284,,,0.0,292.7
25,19,24,Trumpet (C-4),,Brass,,C-4,48,4,0,0.572,0.005,0.376,,,0.0,391.6
26,1A,25,Pizzicato Strings (C-3),,Strings,,C-3,36,3,0,,,,,,,
27,1B,26,"Vibraslap/Spinner (A#-3, Orchestra Kit)",,Percussion,,,,,0,,,,,,,
28,1C,27,Bassoon (C-3),,Woodwind,,C-3,36,3,0,0.697,0.011,0.462,,,0.0,1398.3
29,1D,28,Bassoon (C-4),,Woodwind,,C-4,48,4,0,0.581,0.007,0.383,,,0.0,563.8
30,1E,29,Bassoon (C-5),,Woodwind,,C-5,60,5,0,0.96,0.04,0.654,,,0.001,1099.5
31,1F,30,Machine Gun (C-5),,SFX,,C-5,60,5,0,,,,,,,
32,20,31,Synth Strings (C-2),,Strings,,C-2,24,2,0,,,,,,,
33,21,32,Synth Strings (C-4),,Strings,,C-4,48,4,0,,,,,,,
34,22,33,Synth Strings (C-4),,Strings,,C-4,48,4,0,,,,,,,
35,23,34,Synth Strings (C-5),,Strings,,C-5,60,5,0,,,,,,,
36,24,35,Synth Strings (C-6),,Strings,,C-6,72,6,0,,,,,,,
37,25,36,Synth Strings (C-7),,Strings,,C-7,84,7,0,,,,,,,
38,26,37,Fretless Bass (C-2),,Bass,,C-2,24,2,0,0.617,0.005,0.405,,,0.0,419.2
39,27,38,Fretless Bass (C-3),,Bass,,C-3,36,3,0,1.103,0.004,0.72,,,0.0,65.7
40,28,39,Fretless Bass (C-4),,Bass,,C-4,48,4,0,1.022,0.004,0.667,,,0.0,148.2
41,29,40,Fretless Bass (C-5),,Bass,,C-5,60,5,0,0.813,0.006,0.533,,,0.0,262.8
42,2A,41,Fretless Bass (C-6),,Bass,,C-6,72,6,0,0.945,0.016,0.627,,,0.004,1129.1
43,2B,42,Tuba (C-1),,Brass,,C-1,12,1,0,0.949,0.005,0.62,,,0.0,80.1
44,2C,43,Tuba (C-2),,Brass,,C-2,24,2,0,1.13,0.002,0.736,,,0.0,19.1
45,2D,44,Empty,,Silence,,,,,1,,,,,,,
46,2E,45,Bassoon (C-4),,Woodwind,,C-4,48,4,0,0.0,0.0,0.0,,,0.0,0.0
47,2F,46,Bassoon (C-5),,Woodwind,,C-5,60,5,0,0.801,0.021,0.536,,,0.0,780.8
48,30,47,Trombone (C-2),,Brass,,C-2,24,2,0,0.687,0.003,0.449,,,0.0,69.5
49,31,48,Trombone (C-3),,Brass,,C-3,36,3,0,1.409,0.006,0.92,,,0.0,112.5
50,32,49,Trombone (C-4),,Brass,,C-4,48,4,0,0.99,0.006,0.648,,,0.0,380.4
51,33,50,"Synth Brass 1, Modulated (C-3)",,Brass,,C-3,36,3,0,0.983,0.005,0.643,,,0.0,242.4
52,34,51,"Synth Brass 1, Modulated (C-4)",,Brass,,C-4,48,4,0,0.572,0.005,0.376,,,0.0,391.6
53,35,52,"Synth Brass 1, Modulated (C-5)",,Brass,,C-5,60,5,0,0.788,0.015,0.524,,,0.0,914.4
54,36,53,Empty,,Silence,,,,,1,,,,,,,
55,37,54,Empty,,Silence,,,,,1,,,,,,,
56,38,55,Empty,,Silence,,,,,1,,,,,,,
57,39,56,"Cymbal Hit (A-3, Orchestra Kit)",,Percussion,,,,,0,,,,,,,
58,3A,57,"Cymbal Hit (B-3, Orchestra Kit)",,Percussion,,,,,0,,,,,,,
59,3B,58,Vibraphone (C-3),,Bell/Perc,,C-3,36,3,0,,,,,,,
60,3C,59,French Horns (C-2),,Brass,,C-2,24,2,0,0.955,0.004,0.624,,,0.0,307.5
61,3D,60,French Horns (C-3),,Brass,,C-3,36,3,0,0.763,0.005,0.5,,,0.0,196.9
62,3E,61,French Horns (C-4),,Brass,,C-4,48,4,0,0.529,0.012,0.353,,,0.001,517.7
63,3F,62,French Horns (C-5),,Brass,,C-5,60,5,0,0.699,0.07,0.507,,,0.014,1283.7
64,40,63,Timpani (C-3),,Percussion,,C-3,36,3,0,0.963,0.006,0.631,,,0.0,490.5
65,41,64,Pizzicato (C-4),,Strings,,C-4,48,4,0,,,,,,,
66,42,65,Timpani (C-2),,Percussion,,C-2,24,2,0,1.055,0.005,0.689,,,0.0,74.9
67,43,66,Tubular Bells (C-5),,Bell/Perc,,C-5,60,5,0,,,,,,,
68,44,67,Clarinet (C-3),,Woodwind,,C-3,36,3,0,0.879,0.007,0.576,,,0.0,522.8
69,45,68,Empty,,Silence,,,,,1,,,,,,,
70,46,69,Clarinet (C-4),,Woodwind,,C-4,48,4,0,0.0,0.0,0.0,,,0.0,0.0
71,47,70,Clarinet (C-5),,Woodwind,,C-5,60,5,0,0.96,0.04,0.654,,,0.001,1099.5
72,48,71,"Brush (A-4, Orchestra Kit)",,Percussion,,,,,0,,,,,,,
73,49,72,"Cymbal (A-3, Orchestra Kit)",,Percussion,,,,,0,,,,,,,
74,4A,73,French Horns (C-3),,Brass,,C-3,36,3,0,0.796,0.009,0.524,,,0.0,1164.5
75,4B,74,French Horns (C-4),,Brass,,C-4,48,4,0,0.887,0.011,0.585,,,0.0,741.7
76,4C,75,French Horns (C-5),,Brass,,C-5,60,5,0,0.866,0.029,0.585,,,0.001,1122.0
77,4D,76,French Horns (C-6),,Brass,,C-6,72,6,0,0.868,0.243,0.746,,,0.126,2566.5
78,4E,77,French Horns (C-7),,Brass,,C-7,84,7,0,0.689,0.917,1.135,,,0.425,5064.1
79,4F,78,Trombone (C-1),,Brass,,C-1,12,1,0,0.491,0.002,0.321,,,0.0,134.6
80,50,79,Trombone (C-2),,Brass,,C-2,24,2,0,1.209,0.003,0.788,,,0.0,47.6
81,51,80,Trombone (C-3),,Brass,,C-3,36,3,0,0.977,0.006,0.64,,,0.0,169.1
82,52,81,Trombone (C-4),,Brass,,C-4,48,4,0,0.975,0.008,0.639,,,0.0,223.0
83,53,82,Trombone (C-5),,Brass,,C-5,60,5,0,0.603,0.034,0.418,,,0.002,711.1
84,54,83,Synth Strings (C-2),,Strings,,C-2,24,2,0,0.971,0.003,0.634,,,0.0,67.1
85,55,84,Synth Strings (C-3),,Strings,,C-3,36,3,0,0.841,0.004,0.55,,,0.0,107.6
86,56,85,Synth Strings (C-4),,Strings,,C-4,48,4,0,0.782,0.012,0.517,,,0.0,384.0
87,57,86,Synth Strings (C-5),,Strings,,C-5,60,5,0,0.643,0.035,0.444,,,0.006,819.2
88,58,87,Synth Strings (C-6),,Strings,,C-6,72,6,0,0.765,0.772,1.076,,,0.371,2933.2
89,59,88,Synth Strings (C-7),,Strings,,C-7,84,7,0,0.719,1.496,1.589,,,0.731,8789.5
90,5A,89,Synth Strings 1 (C-2),,Strings,,C-2,24,2,0,,,,,,,
91,5B,90,Synth Strings 1 (C-3),,Strings,,C-3,36,3,0,,,,,,,
92,5C,91,Synth Strings 1 (C-4),,Strings,,C-4,48,4,0,,,,,,,
93,5D,92,Synth Strings 1 (C-5),,Strings,,C-5,60,5,0,,,,,,,
94,5E,93,Synth Strings 1 (C-6),,Strings,,C-6,72,6,0,,,,,,,
95,5F,94,Synth Strings 2 (C-2),,Strings,,C-2,24,2,0,,,,,,,
96,60,95,Synth Strings 2 (C-3),,Strings,,C-3,36,3,0,,,,,,,
97,61,96,Synth Strings 2 (C-4),,Strings,,C-4,48,4,0,,,,,,,
98,62,97,Synth Strings 2 (C-5),,Strings,,C-5,60,5,0,,,,,,,
99,63,98,"Snare Hit (E-2, Orchestra Kit)",,Percussion,,,,,0,,,,,,,
100,64,99,Synth Strings 1 (C-5),,Strings,,C-5,60,5,0,,,,,,,
101,65,100,Tubular Bells (C-6),,Bell/Perc,,C-6,72,6,0,,,,,,,
102,66,101,"Bass Drum Hit (F-2, Orchestra Kit)",,Percussion,,,,,0,,,,,,,
103,67,102,Empty,,Silence,,,,,1,,,,,,,
104,68,103,Empty,,Silence,,,,,1,,,,,,,
105,69,104,High-Frequency Noise,,SFX/Noise,,,,,0,,,,,,,
106,6A,105,High-Pitched Strings,,Strings,,,,,0,,,,,,,
107,6B,106,Sub-Bass Horn,,Brass,,,,,0,,,,,,,
108,6C,107,Bass Horn,,Brass,,,,,0,,,,,,,
109,6D,108,Horn,,Brass,,,,,0,,,,,,,
110,6E,109,Treble Horn,,Brass,,,,,0,,,,,,,
111,6F,110,Above-Treble Horn,,Brass,,,,,0,,,,,,,
112,70,111,Oscillating Static,,SFX/Noise,,,,,0,,,,,,,
113,71,112,Percussive Hammer,,Percussion,,,,,0,,,,,,,
114,72,113,Sustained Oscillating Bass Noise,,SFX/Noise,,,,,0,,,,,,,
115,73,114,Low Percussive Hammer,,Percussion,,,,,0,,,,,,,
116,74,115,High-Frequency Oscillating Voice,,Voice,,,,,0,,,,,,,
117,75,116,Metal Percussive Strike,,Percussion,,,,,0,,,,,,,
118,76,117,Wide Signal,,Synth,,,,,0,,,,,,,
119,77,118,Pitched-Up Wide Signal,,Synth,,,,,0,,,,,,,
120,78,119,Sub-Bass Horn,,Brass,,,,,0,,,,,,,
121,79,120,Bass Horn,,Brass,,,,,0,,,,,,,
122,7A,121,Horn,,Brass,,,,,0,,,,,,,
123,7B,122,Treble Horn,,Brass,,,,,0,,,,,,,
124,7C,123,Above-Treble Horn,,Brass,,,,,0,,,,,,,
125,7D,124,Bass Tone,,Synth,,,,,0,,,,,,,
126,7E,125,Pitched-Up Bass Tone,,Synth,,,,,0,,,,,,,
127,7F,126,Wide Sub-Bass Tone,,Synth,,,,,0,,,,,,,
128,80,127,Wide Bass Tone,,Synth,,,,,0,,,,,,,
129,81,128,Wide Tone,,Synth,,,,,0,,,,,,,
130,82,129,Ambient High-Frequency Voice,,Voice,,,,,0,,,,,,,
131,83,130,High-Pitched Bell,,Bell/Perc,,,,,0,,,,,,,
132,84,131,Ambient Voice,,Voice,,,,,0,,,,,,,
133,85,132,Error Tone,,SFX,,,,,0,,,,,,,
134,86,133,High-Frequency Tone,,Synth,,,,,0,,,,,,,
135,87,134,Loud High-Frequency Tone,,Synth,,,,,0,,,,,,,
136,88,135,Ambient High-Frequency Oscillating Tone,,Synth,,,,,0,,,,,,,
137,89,136,Pitched-Up Ambient HF Oscillating Tone,,Synth,,,,,0,,,,,,,
138,8A,137,Drum Roll,,Percussion,,,,,0,,,,,,,
139,8B,138,Bright Ambient Voice,,Voice,,,,,0,,,,,,,
140,8C,139,Cymbal Crashing,,Percussion,,,,,0,,,,,,,
141,8D,140,Tremolo Noise,,SFX/Noise,,,,,0,,,,,,,
142,8E,141,Deep Ambient Voice,,Voice,,,,,0,,,,,,,
143,8F,142,Sub-Bass String,,Strings,,,,,0,0.569,0.002,0.371,,,0.0,142.9
144,90,143,Bass String,,Strings,,,,,0,0.92,0.003,0.6,,,0.0,61.8
145,91,144,String,,Strings,,,,,0,0.815,0.005,0.533,,,0.0,187.1
146,92,145,Treble String,,Strings,,,,,0,0.631,0.007,0.415,,,0.0,398.8
147,93,146,Above-Treble String,,Strings,,,,,0,0.707,0.078,0.518,,,0.018,1464.1
148,94,147,High-Pitched String,,Strings,,,,,0,0.76,1.211,1.402,,,0.567,4697.6
149,95,148,Wide Sub-Bass String,,Strings,,,,,0,,,,,,,
150,96,149,Wide Bass String,,Strings,,,,,0,,,,,,,
151,97,150,Wide String,,Strings,,,,,0,,,,,,,
152,98,151,Wide Treble String,,Strings,,,,,0,,,,,,,
153,99,152,Wide Above-Treble String,,Strings,,,,,0,,,,,,,
154,9A,153,Wide High-Pitched String,,Strings,,,,,0,,,,,,,
155,9B,154,Bass Vibrato String,,Strings,,,,,0,0.616,0.005,0.404,,,0.0,419.2
156,9C,155,Vibrato String,,Strings,,,,,0,0.708,0.009,0.467,,,0.0,185.1
157,9D,156,Treble Vibrato String,,Strings,,,,,0,0.648,0.014,0.432,,,0.0,311.3
158,9E,157,Above-Treble Vibrato String,,Strings,,,,,0,0.814,0.264,0.727,,,0.077,1808.5
159,9F,158,High-Pitched Vibrato String,,Strings,,,,,0,0.717,1.255,1.407,,,0.594,5416.8
160,A0,159,Bass String (Duplicate of 161),,Strings,,,,,0,,,,,,,
161,A1,160,Bass String,,Strings,,,,,0,,,,,,,
162,A2,161,Treble String,,Strings,,,,,0,,,,,,,
163,A3,162,Above-Treble String,,Strings,,,,,0,,,,,,,
164,A4,163,Bass String,,Strings,,,,,0,,,,,,,
165,A5,164,String,,Strings,,,,,0,,,,,,,
166,A6,165,Above-Treble String,,Strings,,,,,0,,,,,,,
167,A7,166,Treble Bell (Envelope Close),,Bell/Perc,,,,,0,,,,,,,
168,A8,167,Above-Treble Voice,,Voice,,,,,0,,,,,,,
169,A9,168,Bell (Envelope Close),,Bell/Perc,,,,,0,,,,,,,
170,AA,169,Staccato Bell,,Bell/Perc,,,,,0,,,,,,,
171,AB,170,Bell (Envelope Close),,Bell/Perc,,,,,0,,,,,,,
172,AC,171,Bass Muted Horn,,Brass,,,,,0,,,,,,,
173,AD,172,Muted Horn,,Brass,,,,,0,,,,,,,
174,AE,173,Treble Muted Horn,,Brass,,,,,0,,,,,,,
175,AF,174,Above-Treble Muted Horn,,Brass,,,,,0,,,,,,,
176,B0,175,Static Clip Hit/slap sound,,SFX,,,,,0,,,,,,,
177,B1,176,Clipped Thump,,SFX,,,,,0,,,,,,,
178,B2,177,Inaudible Clip,,Silence,,,,,1,,,,,,,
179,B3,178,Nearly Inaudible Clip,,Silence,,,,,1,,,,,,,
180,B4,179,Blip,,SFX,,,,,0,,,,,,,
181,B5,180,Empty,,Silence,,,,,1,,,,,,,
182,B6,181,Empty,,Silence,,,,,1,,,,,,,
183,B7,182,Empty,,Silence,,,,,1,,,,,,,
184,B8,183,Clip,,SFX,,,,,0,,,,,,,
185,B9,184,Empty,,Silence,,,,,1,,,,,,,
186,BA,185,Empty,,Silence,,,,,1,,,,,,,
187,BB,186,Empty,,Silence,,,,,1,,,,,,,
188,BC,187,Empty,,Silence,,,,,1,,,,,,,
189,BD,188,Blip,,SFX,,,,,0,,,,,,,
190,BE,189,Nearly Inaudible Clip,,Silence,,,,,1,,,,,,,
191,BF,190,Empty,,Silence,,,,,1,,,,,,,
192,C0,191,Empty,,Silence,,,,,1,,,,,,,
193,C1,192,Empty,,Silence,,,,,1,,,,,,,
194,C2,193,Empty,,Silence,,,,,1,,,,,,,
195,C3,194,Nearly Inaudible Clip,,Silence,,,,,1,,,,,,,
196,C4,195,Blip,,SFX,,,,,0,,,,,,,
197,C5,196,Empty,,Silence,,,,,1,,,,,,,
198,C6,197,Empty,,Silence,,,,,1,,,,,,,
199,C7,198,Empty,,Silence,,,,,1,,,,,,,
200,C8,199,Empty,,Silence,,,,,1,,,,,,,
201,C9,200,Empty,,Silence,,,,,1,,,,,,,
202,CA,201,Empty,,Silence,,,,,1,,,,,,,
203,CB,202,Empty,,Silence,,,,,1,,,,,,,
204,CC,203,Empty,,Silence,,,,,1,,,,,,,
205,CD,204,Empty,,Silence,,,,,1,,,,,,,
206,CE,205,Empty,,Silence,,,,,1,,,,,,,
207,CF,206,Empty,,Silence,,,,,1,,,,,,,
208,D0,207,Empty,,Silence,,,,,1,,,,,,,
209,D1,208,Empty,,Silence,,,,,1,,,,,,,
210,D2,209,Empty,,Silence,,,,,1,,,,,,,
211,D3,210,Blip,,SFX,,,,,0,,,,,,,
212,D4,211,Nearly Inaudible Clip,,Silence,,,,,1,,,,,,,
213,D5,212,Empty,,Silence,,,,,1,,,,,,,
214,D6,213,Pop,,SFX,,,,,0,,,,,,,
215,D7,214,Empty,,Silence,,,,,1,,,,,,,
216,D8,215,Pop,,SFX,,,,,0,,,,,,,
217,D9,216,Pop,,SFX,,,,,0,,,,,,,
218,DA,217,Pop,,SFX,,,,,0,,,,,,,
219,DB,218,Empty,,Silence,,,,,1,,,,,,,
220,DC,219,Empty,,Silence,,,,,1,,,,,,,
221,DD,220,Empty,,Silence,,,,,1,,,,,,,
222,DE,221,Empty,,Silence,,,,,1,,,,,,,
223,DF,222,Empty,,Silence,,,,,1,,,,,,,
224,E0,223,Empty,,Silence,,,,,1,,,,,,,
225,E1,224,Empty,,Silence,,,,,1,,,,,,,
226,E2,225,Empty,,Silence,,,,,1,,,,,,,
227,E3,226,Empty,,Silence,,,,,1,,,,,,,
228,E4,227,Empty,,Silence,,,,,1,,,,,,,
229,E5,228,Empty,,Silence,,,,,1,,,,,,,
230,E6,229,Empty,,Silence,,,,,1,,,,,,,
231,E7,230,Empty,,Silence,,,,,1,,,,,,,
232,E8,231,Empty,,Silence,,,,,1,,,,,,,
233,E9,232,Empty,,Silence,,,,,1,,,,,,,
234,EA,233,Pop,,SFX,,,,,0,,,,,,,
235,EB,234,Empty,,Silence,,,,,1,,,,,,,
236,EC,235,Inaudible Clip,,Silence,,,,,1,,,,,,,
237,ED,236,Bell,,Bell/Perc,,,,,0,,,,,,,
238,EE,237,Empty,,Silence,,,,,1,,,,,,,
239,EF,238,Pop,,SFX,,,,,0,,,,,,,
240,F0,239,Static + Bass String,,Strings/Noise,,,,,0,,,,,,,
241,F1,240,Empty,,Silence,,,,,1,,,,,,,
242,F2,241,Empty,,Silence,,,,,1,,,,,,,
243,F3,242,Bell (Envelope Close),,Bell/Perc,,,,,0,,,,,,,
244,F4,243,Nearly Inaudible Clip,,Silence,,,,,1,,,,,,,
245,F5,244,Empty,,Silence,,,,,1,,,,,,,
246,F6,245,Pop,,SFX,,,,,0,,,,,,,
247,F7,246,Nearly Inaudible Clip,,Silence,,,,,1,,,,,,,
248,F8,247,Nearly Inaudible Clip,,Silence,,,,,1,,,,,,,
249,F9,248,Empty,,Silence,,,,,1,,,,,,,
250,FA,249,Empty,,Silence,,,,,1,,,,,,,
251,FB,250,Empty,,Silence,,,,,1,,,,,,,
252,FC,251,Empty,,Silence,,,,,1,,,,,,,
253,FD,252,Empty,,Silence,,,,,1,,,,,,,
254,FE,253,Empty,,Silence,,,,,1,,,,,,,
255,FF,255,Empty,,Silence,,,,,1,,,,,,,
